{
    "_ColorR": 0.7198727130889893,
    "_ColorG": 0.6166340708732605,
    "_ColorB": 0.8773584961891174,
    "_RampLevels": 5.0,
    "_LightScalar": 1.0,
    "_HighColorR": 0.9821802973747253,
    "_HighColorG": 0.9198113083839417,
    "_HighColorB": 1.0,
    "_HighIntensity": 1.9500000476837159,
    "_LowColorR": 0.698113203048706,
    "_LowColorG": 0.20745813846588136,
    "_LowColorB": 0.685117781162262,
    "_LowIntensity": 0.75,
    "_OutlineColorR": 0.24705877900123597,
    "_OutlineColorG": 0.12953895330429078,
    "_OutlineColorB": 0.38679245114326479,
    "_OutlineSize": 4.739999771118164,
    "_RimColorR": 1.0,
    "_RimColorG": 1.0,
    "_RimColorB": 1.0,
    "_RimAlpha": 0.12300000339746475,
    "_RimPower": 0.10700000077486038,
    "_RimDropOff": 0.15199999511241914,
    "_FresnelColorR": 0.7805389165878296,
    "_FresnelColorG": 0.5106353163719177,
    "_FresnelColorB": 0.801886796951294,
    "_FresnelBrightness": 0.11100000143051148,
    "_FresnelPower": 0.8230000138282776,
    "_FresnelShadowDropoff": 1.0,
    "_GradYCap": 0.0,
    "_GradIntensity": 0.0
}