{
    "_ColorR": 0.7198727130889893,
    "_ColorG": 0.6166340708732605,
    "_ColorB": 0.8773584961891174,
    "_RampLevels": 5.0,
    "_LightScalar": 1.0,
    "_HighColorR": 0.9821802973747253,
    "_HighColorG": 0.9198113083839417,
    "_HighColorB": 1.0,
    "_HighIntensity": 1.9500000476837159,
    "_LowColorR": 0.698113203048706,
    "_LowColorG": 0.20745813846588136,
    "_LowColorB": 0.685117781162262,
    "_LowIntensity": 0.75,
    "_OutlineColorR": 0.0,
    "_OutlineColorG": 0.0,
    "_OutlineColorB": 0.0,
    "_OutlineSize": 5.230000019073486,
    "_RimColorR": 1.0,
    "_RimColorG": 1.0,
    "_RimColorB": 1.0,
    "_RimAlpha": 0.12300000339746475,
    "_RimPower": 0.10700000077486038,
    "_RimDropOff": 0.15199999511241914,
    "_FresnelColorR": 0.32240116596221926,
    "_FresnelColorG": 0.5525029301643372,
    "_FresnelColorB": 0.5943396091461182,
    "_FresnelBrightness": 0.024000000208616258,
    "_FresnelPower": 0.28299999237060549,
    "_FresnelShadowDropoff": 0.08699999749660492,
    "_GradYCap": 0.0,
    "_GradIntensity": 0.0
}