{
    "_ColorR": 0.4304022192955017,
    "_ColorG": 0.9811320900917053,
    "_ColorB": 0.798665463924408,
    "_RampLevels": 4.0,
    "_LightScalar": 2.309999942779541,
    "_HighColorR": 0.6330360174179077,
    "_HighColorG": 0.8113207221031189,
    "_HighColorB": 0.417141318321228,
    "_HighIntensity": 1.649999976158142,
    "_LowColorR": 0.22347807884216309,
    "_LowColorG": 0.5094339847564697,
    "_LowColorB": 0.38084807991981509,
    "_LowIntensity": 1.090000033378601,
    "_OutlineColorR": 0.09011214226484299,
    "_OutlineColorG": 0.2358490526676178,
    "_OutlineColorB": 0.10278487950563431,
    "_OutlineSize": 10.0,
    "_RimColorR": 0.2816743552684784,
    "_RimColorG": 1.0,
    "_RimColorB": 0.21226415038108827,
    "_RimAlpha": 0.0,
    "_RimPower": 0.11299999803304672,
    "_RimDropOff": 0.0,
    "_FresnelColorR": 0.5072793364524841,
    "_FresnelColorG": 0.801886796951294,
    "_FresnelColorB": 0.4879404902458191,
    "_FresnelBrightness": 0.039000000804662707,
    "_FresnelPower": 0.5139999985694885,
    "_FresnelShadowDropoff": 0.19599999487400056,
    "_GradYCap": 0.0,
    "_GradIntensity": 0.0
}