{
    "_ColorR": 0.8443396091461182,
    "_ColorG": 0.9863175749778748,
    "_ColorB": 1.0,
    "_RampLevels": 4.0,
    "_LightScalar": 1.690000057220459,
    "_HighColorR": 0.6236204504966736,
    "_HighColorG": 0.8160615563392639,
    "_HighColorB": 0.9245283007621765,
    "_HighIntensity": 1.600000023841858,
    "_LowColorR": 0.25485044717788699,
    "_LowColorG": 0.6749460101127625,
    "_LowColorB": 0.7830188274383545,
    "_LowIntensity": 0.75,
    "_OutlineColorR": 0.0,
    "_OutlineColorG": 0.0,
    "_OutlineColorB": 0.0,
    "_OutlineSize": 7.0,
    "_RimColorR": 0.3254716694355011,
    "_RimColorG": 1.0,
    "_RimColorB": 0.8884931206703186,
    "_RimAlpha": 0.12300000339746475,
    "_RimPower": 0.10700000077486038,
    "_RimDropOff": 0.15199999511241914,
    "_FresnelColorR": 0.32146668434143069,
    "_FresnelColorG": 0.49579930305480959,
    "_FresnelColorB": 0.5283018946647644,
    "_FresnelBrightness": 0.2160000056028366,
    "_FresnelPower": 0.28299999237060549,
    "_FresnelShadowDropoff": 0.25999999046325686,
    "_GradYCap": 0.0,
    "_GradIntensity": 0.0
}